drop table if exists t1;
CREATE TABLE t1 (
PORT varchar(16) NOT NULL,
ACCESSNODE varchar(16) NOT NULL,
POP varchar(48) NOT NULL,
ACCESSTYPE int unsigned NOT NULL,
CUSTOMER_ID varchar(20) collate latin1_bin NOT NULL,
PROVIDER varchar(16),
TEXPIRE int unsigned,
NUM_IP int unsigned,
LEASED_NUM_IP int unsigned,
LOCKED_IP int unsigned,
STATIC_DNS int unsigned,
SUSPENDED_SERVICE int unsigned,
SUSPENDED_REASON int unsigned,
BGP_COMMUNITY int unsigned,
INDEX CUSTOMER_ID_INDEX(CUSTOMER_ID),
INDEX FQPN_INDEX(POP,ACCESSNODE,PORT),
PRIMARY KEY(POP,ACCESSNODE,PORT,ACCESSTYPE)
) engine=ndbcluster;
INSERT INTO t1 VALUES ('port67', 'node78', 'pop98', 1, 'kllopmn', 'pr_43', 121212, 1, 2, 3, 8, NULL, NULL, NULL);
INSERT INTO t1 VALUES ('port67', 'node78', 'pop99', 2, 'klkighh', 'pr_44', 121213, 3, 3, 6, 7, NULL, NULL, NULL);
INSERT INTO t1 VALUES ('port79', 'node79', 'pop79', 2, 'kpongfaa', 'pr_44', 981213, 2, 4, 10, 11, 2, 99, 1278);
select port, accessnode, pop, accesstype  from t1 where port='port67' order by accesstype;
port	accessnode	pop	accesstype
port67	node78	pop98	1
port67	node78	pop99	2
select port, accessnode, pop, accesstype  from t1 where port='foo';
port	accessnode	pop	accesstype
select port, accessnode, pop, accesstype  from t1 where accessnode='node78' order by accesstype;
port	accessnode	pop	accesstype
port67	node78	pop98	1
port67	node78	pop99	2
select port, accessnode, pop, accesstype  from t1 where accessnode='foo';
port	accessnode	pop	accesstype
select port, accessnode, pop, accesstype  from t1 where pop='pop98';
port	accessnode	pop	accesstype
port67	node78	pop98	1
select port, accessnode, pop, accesstype  from t1 where pop='pop98';
port	accessnode	pop	accesstype
port67	node78	pop98	1
select port, accessnode, pop, accesstype  from t1 where pop='pop98';
port	accessnode	pop	accesstype
port67	node78	pop98	1
select port, accessnode, pop, accesstype  from t1 where pop='pop98' order by accesstype;
port	accessnode	pop	accesstype
port67	node78	pop98	1
select port, accessnode, pop, accesstype  from t1 where pop='foo';
port	accessnode	pop	accesstype
select port, accessnode, pop, accesstype  from t1 where accesstype=1;
port	accessnode	pop	accesstype
port67	node78	pop98	1
select port, accessnode, pop, accesstype  from t1 where accesstype=2 order by port;
port	accessnode	pop	accesstype
port67	node78	pop99	2
port79	node79	pop79	2
select port, accessnode, pop, accesstype  from t1 where accesstype=98 order by port;
port	accessnode	pop	accesstype
select port, accessnode, pop, accesstype  from t1 where customer_id='kllopmn';
port	accessnode	pop	accesstype
port67	node78	pop98	1
select port, accessnode, pop, accesstype  from t1 where customer_id='KLLOPMN';
port	accessnode	pop	accesstype
select port, accessnode, pop, accesstype  from t1 where customer_id='kLLoPMn';
port	accessnode	pop	accesstype
select port, accessnode, pop, accesstype  from t1 where customer_id='foo';
port	accessnode	pop	accesstype
select port, accessnode, pop, accesstype  from t1 where provider='pr_43';
port	accessnode	pop	accesstype
port67	node78	pop98	1
select port, accessnode, pop, accesstype  from t1 where provider='foo';
port	accessnode	pop	accesstype
select port, accessnode from t1 where texpire=121212;
port	accessnode
port67	node78
select port, accessnode from t1 where texpire=2323;
port	accessnode
select port, accessnode, pop, accesstype  from t1 where num_ip=1;
port	accessnode	pop	accesstype
port67	node78	pop98	1
select port, accessnode, pop, accesstype  from t1 where num_ip=89;
port	accessnode	pop	accesstype
select port, accessnode, pop, accesstype  from t1 where leased_num_ip=2;
port	accessnode	pop	accesstype
port67	node78	pop98	1
select port, accessnode, pop, accesstype  from t1 where leased_num_ip=89;
port	accessnode	pop	accesstype
select port, accessnode, pop, accesstype  from t1 where locked_ip=3;
port	accessnode	pop	accesstype
port67	node78	pop98	1
select port, accessnode, pop, accesstype  from t1 where locked_ip=89;
port	accessnode	pop	accesstype
select port, accessnode, pop, accesstype  from t1 where static_dns=8;
port	accessnode	pop	accesstype
port67	node78	pop98	1
select port, accessnode, pop, accesstype  from t1 where static_dns=89;
port	accessnode	pop	accesstype
select port, accessnode, pop, accesstype  from t1 where suspended_service=8;
port	accessnode	pop	accesstype
select port, accessnode, pop, accesstype  from t1 where suspended_service=89;
port	accessnode	pop	accesstype
select port, accessnode, pop, accesstype  from t1 where suspended_reason=NULL;
port	accessnode	pop	accesstype
select port, accessnode, pop, accesstype  from t1 where suspended_reason=89;
port	accessnode	pop	accesstype
select port, accessnode, pop, accesstype  from t1 where suspended_reason=0;
port	accessnode	pop	accesstype
select port, accessnode, pop, accesstype  from t1 where bgp_community=NULL;
port	accessnode	pop	accesstype
select port, accessnode, pop, accesstype  from t1 where bgp_community=89;
port	accessnode	pop	accesstype
select port, accessnode, pop, accesstype  from t1 where bgp_community=0;
port	accessnode	pop	accesstype
select port, accessnode, pop, accesstype from t1 where port='port67' and accessnode='node78' and pop='pop98' and accesstype=1;
port	accessnode	pop	accesstype
port67	node78	pop98	1
select port, accessnode, pop, accesstype from t1 where port='port67' and accesstype=1 and accessnode='node78' and pop='pop98';
port	accessnode	pop	accesstype
port67	node78	pop98	1
select port, accessnode, pop, accesstype from t1 where pop='pop98' and port='port67' and accesstype=1 and accessnode='node78';
port	accessnode	pop	accesstype
port67	node78	pop98	1
select port, accessnode from t1 where port='foo' and accessnode='foo' and pop='foo' and accesstype=99;
port	accessnode
select port, accessnode, pop, accesstype from t1 where port='port67' and pop='pop98' and accesstype=1;
port	accessnode	pop	accesstype
port67	node78	pop98	1
select port, accessnode, pop, accesstype from t1 where accesstype=1 and accessnode='node78' and pop='pop98';
port	accessnode	pop	accesstype
port67	node78	pop98	1
select port, accessnode, pop, accesstype from t1 where  port='port67' and accesstype=1 and accessnode='node78';
port	accessnode	pop	accesstype
port67	node78	pop98	1
select port, accessnode from t1 where port='foo' and accessnode='foo' and pop='foo';
port	accessnode
select port, accessnode, pop, accesstype  from t1 where customer_id='kllopmn';
port	accessnode	pop	accesstype
port67	node78	pop98	1
select port, accessnode, pop, accesstype  from t1 where customer_id='kllopmn' and accesstype=1;
port	accessnode	pop	accesstype
port67	node78	pop98	1
select port, accessnode, pop, accesstype  from t1 where customer_id='kllopmn' and accesstype=2;
port	accessnode	pop	accesstype
select port, accessnode, pop, accesstype  from t1 where accesstype=2 and customer_id='kllopmn';
port	accessnode	pop	accesstype
select port, accessnode, pop, accesstype  from t1 where pop='pop98' and accessnode='node78' and port='port67';
port	accessnode	pop	accesstype
port67	node78	pop98	1
select port, accessnode, pop, accesstype  from t1 where pop='pop98' and accessnode='node78' and port='port67' and customer_id='kllopmn';
port	accessnode	pop	accesstype
port67	node78	pop98	1
select port, accessnode, pop, accesstype  from t1 where pop='pop98' and accessnode='node78' and port='port67' and customer_id='foo';
port	accessnode	pop	accesstype
drop table t1;
