stop slave;
drop table if exists t1,t2,t3,t4,t5,t6,t7,t8,t9;
reset master;
reset slave;
drop table if exists t1,t2,t3,t4,t5,t6,t7,t8,t9;
start slave;
stop slave;
reset master;
reset slave;
reset master;
create table t1(n int not null auto_increment primary key);
insert into t1 values (NULL);
drop table t1;
create table t1 (word char(20) not null);
load data infile '../std_data_ln/words.dat' into table t1 ignore 1 lines;
select count(*) from t1;
count(*)
69
drop table t1;
show binlog events;
Log_name	Pos	Event_type	Server_id	End_log_pos	Info
master-bin.000001	4	Format_desc	1	98	Server ver: VERSION, Binlog ver: 4
master-bin.000001	98	Query	1	219	use `test`; create table t1(n int not null auto_increment primary key)
master-bin.000001	219	Intvar	1	247	INSERT_ID=1
master-bin.000001	247	Query	1	338	use `test`; insert into t1 values (NULL)
master-bin.000001	338	Query	1	414	use `test`; drop table t1
master-bin.000001	414	Query	1	517	use `test`; create table t1 (word char(20) not null)
master-bin.000001	517	Begin_load_query	1	1121	;file_id=1;block_len=581
master-bin.000001	1121	Execute_load_query	1	1269	use `test`; load data infile '../std_data_ln/words.dat' into table t1 ignore 1 lines ;file_id=1
master-bin.000001	1269	Query	1	1345	use `test`; drop table t1
show binlog events from 98 limit 1;
Log_name	Pos	Event_type	Server_id	End_log_pos	Info
master-bin.000001	98	Query	1	219	use `test`; create table t1(n int not null auto_increment primary key)
show binlog events from 98 limit 2;
Log_name	Pos	Event_type	Server_id	End_log_pos	Info
master-bin.000001	98	Query	1	219	use `test`; create table t1(n int not null auto_increment primary key)
master-bin.000001	219	Intvar	1	247	INSERT_ID=1
show binlog events from 98 limit 2,1;
Log_name	Pos	Event_type	Server_id	End_log_pos	Info
master-bin.000001	247	Query	1	338	use `test`; insert into t1 values (NULL)
flush logs;
create table t5 (a int);
drop table t5;
start slave;
flush logs;
stop slave;
create table t1 (n int);
insert into t1 values (1);
drop table t1;
show binlog events;
Log_name	Pos	Event_type	Server_id	End_log_pos	Info
master-bin.000001	4	Format_desc	1	98	Server ver: VERSION, Binlog ver: 4
master-bin.000001	98	Query	1	219	use `test`; create table t1(n int not null auto_increment primary key)
master-bin.000001	219	Intvar	1	247	INSERT_ID=1
master-bin.000001	247	Query	1	338	use `test`; insert into t1 values (NULL)
master-bin.000001	338	Query	1	414	use `test`; drop table t1
master-bin.000001	414	Query	1	517	use `test`; create table t1 (word char(20) not null)
master-bin.000001	517	Begin_load_query	1	1121	;file_id=1;block_len=581
master-bin.000001	1121	Execute_load_query	1	1269	use `test`; load data infile '../std_data_ln/words.dat' into table t1 ignore 1 lines ;file_id=1
master-bin.000001	1269	Query	1	1345	use `test`; drop table t1
master-bin.000001	1345	Rotate	1	1389	master-bin.000002;pos=4
show binlog events in 'master-bin.000002';
Log_name	Pos	Event_type	Server_id	End_log_pos	Info
master-bin.000002	4	Format_desc	1	98	Server ver: VERSION, Binlog ver: 4
master-bin.000002	98	Query	1	184	use `test`; create table t5 (a int)
master-bin.000002	184	Query	1	260	use `test`; drop table t5
master-bin.000002	260	Query	1	346	use `test`; create table t1 (n int)
master-bin.000002	346	Query	1	434	use `test`; insert into t1 values (1)
master-bin.000002	434	Query	1	510	use `test`; drop table t1
show binary logs;
Log_name	File_size
master-bin.000001	1389
master-bin.000002	510
start slave;
show binary logs;
Log_name	File_size
slave-bin.000001	1552
slave-bin.000002	348
show binlog events in 'slave-bin.000001' from 4;
Log_name	Pos	Event_type	Server_id	End_log_pos	Info
slave-bin.000001	4	Format_desc	2	98	Server ver: VERSION, Binlog ver: 4
slave-bin.000001	98	Query	1	219	use `test`; create table t1(n int not null auto_increment primary key)
slave-bin.000001	219	Intvar	1	247	INSERT_ID=1
slave-bin.000001	247	Query	1	338	use `test`; insert into t1 values (NULL)
slave-bin.000001	338	Query	1	414	use `test`; drop table t1
slave-bin.000001	414	Query	1	517	use `test`; create table t1 (word char(20) not null)
slave-bin.000001	517	Begin_load_query	1	1121	;file_id=1;block_len=581
slave-bin.000001	1121	Execute_load_query	1	1271	use `test`; load data INFILE '../tmp/SQL_LOAD-2-1-1.data' INTO table t1 ignore 1 lines ;file_id=1
slave-bin.000001	1271	Query	1	1347	use `test`; drop table t1
slave-bin.000001	1347	Query	1	1433	use `test`; create table t5 (a int)
slave-bin.000001	1433	Query	1	1509	use `test`; drop table t5
slave-bin.000001	1509	Rotate	2	1552	slave-bin.000002;pos=4
show binlog events in 'slave-bin.000002' from 4;
Log_name	Pos	Event_type	Server_id	End_log_pos	Info
slave-bin.000002	4	Format_desc	2	98	Server ver: VERSION, Binlog ver: 4
slave-bin.000002	98	Query	1	184	use `test`; create table t1 (n int)
slave-bin.000002	184	Query	1	272	use `test`; insert into t1 values (1)
slave-bin.000002	272	Query	1	348	use `test`; drop table t1
show slave status;
Slave_IO_State	Master_Host	Master_User	Master_Port	Connect_Retry	Master_Log_File	Read_Master_Log_Pos	Relay_Log_File	Relay_Log_Pos	Relay_Master_Log_File	Slave_IO_Running	Slave_SQL_Running	Replicate_Do_DB	Replicate_Ignore_DB	Replicate_Do_Table	Replicate_Ignore_Table	Replicate_Wild_Do_Table	Replicate_Wild_Ignore_Table	Last_Errno	Last_Error	Skip_Counter	Exec_Master_Log_Pos	Relay_Log_Space	Until_Condition	Until_Log_File	Until_Log_Pos	Master_SSL_Allowed	Master_SSL_CA_File	Master_SSL_CA_Path	Master_SSL_Cert	Master_SSL_Cipher	Master_SSL_Key	Seconds_Behind_Master
#	127.0.0.1	root	MASTER_PORT	1	master-bin.000002	510	#	#	master-bin.000002	Yes	Yes							0		0	510	#	None		0	No						#
show binlog events in 'slave-bin.000005' from 4;
ERROR HY000: Error when executing command SHOW BINLOG EVENTS: Could not find target log
create table t1(a int auto_increment primary key, b int);
insert into t1 values (NULL, 1);
reset master;
set insert_id=5;
insert into t1 values (NULL, last_insert_id()), (NULL, last_insert_id());
show binlog events;
Log_name	Pos	Event_type	Server_id	End_log_pos	Info
slave-bin.000001	4	Format_desc	2	98	Server ver: VERSION, Binlog ver: 4
slave-bin.000001	98	Intvar	2	126	LAST_INSERT_ID=1
slave-bin.000001	126	Intvar	2	154	INSERT_ID=5
slave-bin.000001	154	Query	2	289	use `test`; insert into t1 values (NULL, last_insert_id()), (NULL, last_insert_id())
select * from t1;
a	b
1	1
5	1
6	1
drop table t1;
